{"cameraMode":{"drawMode":0,"name":"Shaded","section":"Shading Mode"},"sceneLighting":false,"audioPlay":false,"sceneViewState":{"showFog":true,"showMaterialUpdate":true,"showSkybox":false,"showFlares":true,"showImageEffects":true,"showParticleSystems":true},"in2DMode":false,"pivot":{"x":-3.5799999237060549,"y":0.20499999821186067,"z":2.569999933242798},"rotation":{"x":-0.016463052481412889,"y":-0.06564680486917496,"z":0.0010784800397232175,"w":-0.9977065920829773},"size":22.0,"orthographic":false}